id,lat,lon
423833948,35.77241897583008,51.46565246582031
423793584,35.77174758911133,51.465084075927734
177536927,35.77622985839844,51.46503448486328
177540293,35.771034240722656,51.46446228027344
423832815,35.77217483520508,51.46149444580078
4316456842,35.774864196777344,51.45629119873047
4316456836,35.77397537231445,51.45588684082031
423832593,35.77321243286133,51.45553970336914
4695969093,35.77308654785156,51.455482482910156
4695924428,35.772605895996094,51.45526123046875
4695969091,35.77205276489258,51.45500946044922
4695924438,35.77192687988281,51.454952239990234
4695924440,35.77153778076172,51.45477294921875
423832592,35.77053451538086,51.454315185546875
281195833,35.76242446899414,51.44197082519531
4998084446,35.763710021972656,51.4554328918457
9512321115,35.76319885253906,51.456764221191406
33238927,35.76271057128906,51.45804214477539
423793590,35.77430725097656,51.4633903503418
423793586,35.769622802734375,51.46323013305664
423793593,35.77075958251953,51.46023941040039
423793587,35.7689208984375,51.462615966796875
423793620,35.767765045166016,51.465576171875
423793628,35.7643928527832,51.45301818847656
4695818020,35.76469802856445,51.45316696166992
5257384708,35.76482391357422,51.45322799682617
4695667407,35.765560150146484,51.45358657836914
4695667401,35.766117095947266,51.45383834838867
4695818018,35.76726150512695,51.4543571472168
4695818016,35.767398834228516,51.45441818237305
4695818013,35.76789474487305,51.45464324951172
4879764419,35.768375396728516,51.454856872558594
4695882304,35.76919937133789,51.45524215698242
4695882301,35.76923370361328,51.455257415771484
4695924450,35.769962310791016,51.45559310913086
1864300705,35.77011489868164,51.45566177368164
4695924446,35.77068328857422,51.4559211730957
4695924443,35.77082443237305,51.45598602294922
4695924442,35.77109146118164,51.45610809326172
4695924436,35.77115249633789,51.45613479614258
4695924430,35.77235412597656,51.45668411254883
423793625,35.7726936340332,51.45683670043945
4695924423,35.772884368896484,51.45692825317383
4695924416,35.77301788330078,51.45698928833008
4695924419,35.773555755615234,51.45724105834961
4316456839,35.77447509765625,51.457672119140625
4695924412,35.7746467590332,51.45774841308594
4695969106,35.77534866333008,51.45808029174805
4695969108,35.775569915771484,51.45818328857422
4695924400,35.77606201171875,51.458412170410156
4695924403,35.7763786315918,51.458560943603516
423793624,35.7772216796875,51.45889663696289
9339973930,35.77145767211914,51.46086502075195
423793585,35.77031707763672,51.46383285522461
423793656,35.76783752441406,51.456634521484375
423793655,35.768821716308594,51.45701599121094
423793654,35.76957702636719,51.457454681396484
4429680696,35.770267486572266,51.458045959472656
423832803,35.770931243896484,51.458621978759766
423832797,35.771705627441406,51.45929718017578
4429680701,35.77253723144531,51.460018157958984
423793653,35.773292541503906,51.46067428588867
423793649,35.76551055908203,51.464111328125
423816409,35.765892028808594,51.450870513916016
4695667391,35.76615524291992,51.45100021362305
4695666779,35.76675796508789,51.4512939453125
4695667389,35.7668571472168,51.45133972167969
4379726016,35.76731872558594,51.4515495300293
4379726017,35.767578125,51.45166778564453
806589535,35.76787185668945,51.451805114746094
4695666782,35.76834487915039,51.45201873779297
423816032,35.769142150878906,51.4523811340332
2813223401,35.769981384277344,51.45276641845703
5289254243,35.77088928222656,51.45317840576172
4695968787,35.7713508605957,51.453392028808594
9033986795,35.77168655395508,51.45354461669922
4695968785,35.77170181274414,51.45355224609375
4695969089,35.772056579589844,51.453712463378906
4695969090,35.77244186401367,51.453887939453125
4695975727,35.77276611328125,51.454036712646484
4695975725,35.77320098876953,51.4542350769043
4695969094,35.77341842651367,51.4543342590332
423793660,35.77419662475586,51.454689025878906
4316456838,35.774314880371094,51.454742431640625
4316456840,35.77471923828125,51.454925537109375
4316456845,35.77518844604492,51.455142974853516
4695969100,35.775630950927734,51.455345153808594
4695975715,35.77641677856445,51.45570373535156
4316456855,35.776527404785156,51.455753326416016
4316456857,35.77686309814453,51.45590591430664
4695978676,35.77712631225586,51.45602798461914
423793661,35.77797317504883,51.45635986328125
4698544216,35.7786979675293,51.456748962402344
4698557165,35.778892517089844,51.45684051513672
1721683043,35.77900314331055,51.45689010620117
4698557167,35.779232025146484,51.456993103027344
4698546824,35.77977752685547,51.457244873046875
4450610059,35.77180480957031,51.44065475463867
4698344869,35.771976470947266,51.44136047363281
7152200398,35.772064208984375,51.44171905517578
4695866630,35.772220611572266,51.442359924316406
423816741,35.77224349975586,51.442447662353516
3405484875,35.77225112915039,51.44248580932617
423813731,35.77243423461914,51.44321823120117
1721683023,35.775455474853516,51.45302963256836
7009844821,35.775447845458984,51.453025817871094
7009847467,35.77544021606445,51.45302200317383
423815686,35.77533721923828,51.45297622680664
4316456841,35.774845123291016,51.45275115966797
423816014,35.77462387084961,51.45265197753906
423816010,35.77384948730469,51.452301025390625
423816008,35.77292251586914,51.451881408691406
4695975729,35.772422790527344,51.45165252685547
423816003,35.772056579589844,51.45148849487305
1864300686,35.7714958190918,51.45123291015625
2861503344,35.771305084228516,51.45114517211914
423813735,35.771263122558594,51.45112609863281
2861503340,35.770782470703125,51.45090866088867
423816026,35.770484924316406,51.450775146484375
2861503342,35.770259857177734,51.4506721496582
423815684,35.76974105834961,51.450435638427734
423816034,35.76902389526367,51.450111389160156
423816037,35.768409729003906,51.449832916259766
4379726018,35.768157958984375,51.4497184753418
423816039,35.767845153808594,51.44957733154297
4695666772,35.76729202270508,51.44932556152344
4695666777,35.766963958740234,51.44917678833008
423816408,35.76681900024414,51.44911193847656
1762129786,35.768165588378906,51.447044372558594
1762129788,35.76850891113281,51.447200775146484
1762129792,35.76909637451172,51.44746398925781
1762129796,35.76971435546875,51.44774627685547
423816031,35.770469665527344,51.44808578491211
1762129803,35.77119827270508,51.44841766357422
423815689,35.771968841552734,51.44876480102539
1762129807,35.772743225097656,51.44911575317383
1721875820,35.7734489440918,51.449432373046875
423815692,35.778377532958984,51.451622009277344
4698536184,35.7783088684082,51.4509162902832
423815694,35.77821731567383,51.45001220703125
423815693,35.77814865112305,51.449337005615234
1762129778,35.7669677734375,51.448448181152344
3405484864,35.76700210571289,51.448116302490234
3405484866,35.76702117919922,51.448036193847656
4695737209,35.76763153076172,51.447509765625
4695666775,35.76774215698242,51.447410583496094
423815687,35.76822280883789,51.44699478149414
423815707,35.771183013916016,51.443782806396484
4696009400,35.771480560302734,51.44364929199219
423815715,35.77528762817383,51.44651412963867
4316456843,35.77488708496094,51.447872161865234
423816006,35.774234771728516,51.44757843017578
1721875824,35.7736701965332,51.449405670166016
423815690,35.77452850341797,51.449920654296875
423816018,35.7758903503418,51.44832229614258
423816016,35.77531433105469,51.45026779174805
423816022,35.776039123535156,51.45058822631836
423816019,35.77666473388672,51.44865417480469
4695998353,35.776878356933594,51.44804763793945
423816025,35.77709197998047,51.44731140136719
423816030,35.77106475830078,51.44615173339844
4695666787,35.76934814453125,51.45171356201172
2860485036,35.76896667480469,51.45294952392578
423832591,35.768798828125,51.4534912109375
423815688,35.76971435546875,51.44775390625
423816033,35.77028274536133,51.44580078125
1762129790,35.768680572509766,51.4488639831543
1762129779,35.76811599731445,51.4486083984375
3844136667,35.76804733276367,51.44147491455078
2170381701,35.7684326171875,51.44135665893555
2170382317,35.76852798461914,51.44132614135742
2170381978,35.76898193359375,51.441200256347656
4683382419,35.769309997558594,51.441078186035156
423816401,35.76968002319336,51.440921783447266
4695837547,35.76990509033203,51.44078826904297
4695837549,35.77012252807617,51.44065856933594
4683382423,35.77042770385742,51.44048309326172
4683382420,35.77100372314453,51.44011688232422
3405484852,35.766727447509766,51.448482513427734
4692533035,35.766700744628906,51.447731018066406
3405484865,35.7667350769043,51.44758605957031
423816747,35.766990661621094,51.44710922241211
4695737210,35.7673225402832,51.44620132446289
4683382443,35.767364501953125,51.44577407836914
4695837565,35.76738739013672,51.445369720458984
423816406,35.76747131347656,51.443809509277344
4692533034,35.76746368408203,51.443668365478516
9357300681,35.76744079589844,51.44355392456055
423816405,35.76740646362305,51.44342803955078
4403810838,35.76723861694336,51.442962646484375
423816404,35.76713180541992,51.44269561767578
10286634511,35.766937255859375,51.442195892333984
2170381752,35.76691436767578,51.442134857177734
423821036,35.77576446533203,51.44242477416992
4698380174,35.776241302490234,51.442256927490234
4698380176,35.77665328979492,51.442115783691406
423821041,35.776851654052734,51.442047119140625
423821030,35.777034759521484,51.44196701049805
423821054,35.77751922607422,51.44269943237305
423821055,35.777259826660156,51.44293975830078
423821057,35.7771110534668,51.44329071044922
4513930724,35.77705383300781,51.443443298339844
4698502247,35.77702713012695,51.44358825683594
4698502249,35.77695083618164,51.443965911865234
423821059,35.776920318603516,51.44412612915039
4698502268,35.77687454223633,51.44447708129883
4593950806,35.7768669128418,51.44453430175781
423821062,35.77680969238281,51.444969177246094
4698502256,35.77676010131836,51.44524002075195
3965305162,35.77674102783203,51.44533157348633
4698502260,35.7767219543457,51.44538879394531
423821064,35.77664566040039,51.445613861083984
3965305168,35.7765007019043,51.445953369140625
4698502276,35.77642059326172,51.446189880371094
4705343072,35.7796630859375,51.44007110595703
4705343077,35.77937698364258,51.44013977050781
4705343079,35.77914810180664,51.44019317626953
423821129,35.77891540527344,51.44024658203125
423821086,35.77907943725586,51.4445915222168
423821094,35.779781341552734,51.444580078125
423821103,35.7799072265625,51.4436149597168
423813740,35.77953338623047,51.44660568237305
4705474456,35.77960968017578,51.446754455566406
423821146,35.77973175048828,51.446998596191406
423832798,35.772518157958984,51.4579963684082
423832796,35.77098846435547,51.460445404052734
423832802,35.77021026611328,51.459781646728516
4429680699,35.77131271362305,51.458003997802734
423832804,35.77161407470703,51.4575080871582
423832941,35.77815246582031,51.464317321777344
423832817,35.777374267578125,51.46415710449219
423832942,35.77662658691406,51.46377182006836
4482481112,35.776161193847656,51.4635124206543
423832943,35.77569580078125,51.46326446533203
4695969112,35.77491760253906,51.46297073364258
423832944,35.77452850341797,51.462825775146484
2106802326,35.774017333984375,51.46267318725586
423832945,35.77372360229492,51.46255111694336
423832946,35.77336883544922,51.4625358581543
4696632853,35.77998352050781,51.46158981323242
4696632851,35.77973937988281,51.461509704589844
423832952,35.7794303894043,51.461402893066406
4698557150,35.77901840209961,51.46125030517578
423832811,35.77819061279297,51.460975646972656
423833953,35.77739334106445,51.460716247558594
4429692927,35.77651596069336,51.46044921875
4698557148,35.776309967041016,51.46037292480469
423832810,35.776058197021484,51.46028137207031
4695924410,35.775390625,51.45997619628906
4695924408,35.77531051635742,51.459938049316406
2106802319,35.77470779418945,51.45966339111328
423832809,35.77410888671875,51.45940399169922
4429684145,35.7740592956543,51.459373474121094
423832808,35.773616790771484,51.45903015136719
4429680700,35.77329635620117,51.458740234375
4695924421,35.77308654785156,51.45854187011719
4695924426,35.77245330810547,51.45793151855469
423832807,35.772274017333984,51.45775604248047
4695924432,35.77138137817383,51.457420349121094
4429680698,35.7706298828125,51.4571418762207
423832806,35.76976013183594,51.456825256347656
4695924448,35.76972579956055,51.456809997558594
4379726030,35.76893997192383,51.4564323425293
4695882300,35.768890380859375,51.45641326904297
423832805,35.76799774169922,51.45606994628906
4654632492,35.7781982421875,51.465694427490234
423833046,35.77821350097656,51.46559143066406
423833040,35.77819061279297,51.46487808227539
423833947,35.773624420166016,51.4627571105957
423833951,35.774932861328125,51.463924407958984
2193982049,35.77704620361328,51.462120056152344
4221838199,35.76353454589844,51.44407653808594
424058126,35.764286041259766,51.446144104003906
423793631,35.76325607299805,51.45032501220703
4683436115,35.76368713378906,51.44913864135742
4268219995,35.763824462890625,51.44873809814453
424055339,35.763919830322266,51.44845962524414
4412258447,35.76419448852539,51.44758605957031
424055336,35.76420593261719,51.44755554199219
424055334,35.764259338378906,51.44737243652344
424055331,35.76428985595703,51.447227478027344
424055328,35.764278411865234,51.447113037109375
4268219996,35.76411056518555,51.4466438293457
11158587866,35.76329040527344,51.444366455078125
10860186807,35.763240814208984,51.44423294067383
4221864293,35.762298583984375,51.44477462768555
424055384,35.762699127197266,51.44581604003906
424055373,35.76317596435547,51.447113037109375
4268219990,35.762813568115234,51.447322845458984
424055390,35.762542724609375,51.447479248046875
424055389,35.762046813964844,51.44619369506836
4268219991,35.76291275024414,51.44841003417969
424055394,35.763004302978516,51.448665618896484
424055398,35.763023376464844,51.44880294799805
424055401,35.76301574707031,51.449073791503906
4268219388,35.762672424316406,51.45013427734375
424058122,35.76612854003906,51.444129943847656
4683382445,35.76664733886719,51.443851470947266
424058123,35.76641845703125,51.4450569152832
4695622374,35.76642990112305,51.445186614990234
4695622381,35.766456604003906,51.44545364379883
4683382444,35.766475677490234,51.44574737548828
424058124,35.76652526855469,51.44629669189453
424058134,35.76506042480469,51.44573974609375
424058120,35.765750885009766,51.44535827636719
424058128,35.764583587646484,51.446983337402344
4695611093,35.764801025390625,51.446861267089844
4695611091,35.76496887207031,51.4467658996582
4695611089,35.76528549194336,51.446590423583984
424058130,35.765342712402344,51.44655990600586
4695610687,35.7656364440918,51.44647979736328
424058132,35.76572036743164,51.44645690917969
4683436107,35.766014099121094,51.446414947509766
6638516672,35.76610565185547,51.44639205932617
424058121,35.76611328125,51.446372985839844
424065287,35.76249694824219,51.442081451416016
2170381755,35.762535095214844,51.442100524902344
2170382251,35.762577056884766,51.44210433959961
424065289,35.76261520385742,51.44209289550781
3373639187,35.762657165527344,51.44207000732422
2170381949,35.76268768310547,51.44203186035156
424065292,35.7627067565918,51.441986083984375
2170381807,35.762718200683594,51.441932678222656
424065294,35.76271438598633,51.44187545776367
2170381533,35.762691497802734,51.44181823730469
424065296,35.762657165527344,51.4417724609375
2170381993,35.76261520385742,51.44174575805664
2170381588,35.7625617980957,51.441734313964844
424065298,35.76251220703125,51.441749572753906
2170382256,35.762474060058594,51.441776275634766
424065300,35.762447357177734,51.44181442260742
2170381999,35.76242446899414,51.441864013671875
3373639188,35.76241683959961,51.441917419433594
2170382227,35.7624397277832,51.4420166015625
2170381628,35.76246643066406,51.442054748535156
424068095,35.76493453979492,51.44010925292969
424068113,35.76287078857422,51.44184494018555
424068117,35.76231002807617,51.44142532348633
424065302,35.76407241821289,51.44163513183594
423793635,35.76373291015625,51.441688537597656
2170382258,35.76799392700195,51.44139862060547
424084811,35.76502227783203,51.441261291503906
424084822,35.7657585144043,51.440956115722656
987580145,35.76594161987305,51.440879821777344
424084812,35.76622009277344,51.44076156616211
424084810,35.766510009765625,51.440635681152344
4708539712,35.76646423339844,51.440528869628906
4708539709,35.7663688659668,51.4403190612793
4708539707,35.76627731323242,51.44011306762695
4708539714,35.766624450683594,51.441890716552734
2170381826,35.76624298095703,51.442405700683594
429412560,35.76207733154297,51.45772171020508
5024815123,35.76213455200195,51.45771789550781
5024815124,35.762184143066406,51.45773696899414
429412533,35.76237487792969,51.462066650390625
443319976,35.76210021972656,51.46278381347656
429412488,35.76581954956055,51.45606994628906
33238925,35.76472091674805,51.45902633666992
731507423,35.76544952392578,51.4595832824707
429412487,35.766517639160156,51.456626892089844
429412524,35.766136169433594,51.46018600463867
423793648,35.7647819519043,51.46363830566406
30772620,35.768619537353516,51.45845413208008
429412523,35.76750183105469,51.46137619018555
429412536,35.76628494262695,51.46461486816406
429412537,35.76701354980469,51.465087890625
443319995,35.76424789428711,51.45894241333008
8932572871,35.76541519165039,51.45589065551758
443319997,35.765419006347656,51.45588302612305
443319996,35.763404846191406,51.45845031738281
9512328919,35.763763427734375,51.45753860473633
9512328922,35.76399612426758,51.45695114135742
9512321116,35.76445770263672,51.45578384399414
443319998,35.764530181884766,51.455657958984375
712608500,35.77579116821289,51.46464157104492
429412535,35.764041900634766,51.463130950927734
2170381811,35.765621185302734,51.442867279052734
2170381569,35.765586853027344,51.442771911621094
806589358,35.76752853393555,51.45288848876953
423816889,35.77547836303711,51.44029998779297
987522481,35.77067565917969,51.444114685058594
423815704,35.77092361450195,51.44488525390625
987522492,35.77142333984375,51.44545364379883
987522495,35.77145004272461,51.444549560546875
987543368,35.767852783203125,51.440059661865234
2170382310,35.76832962036133,51.44117736816406
423793664,35.77675247192383,51.45962905883789
6096557786,35.7769660949707,51.45964431762695
6434310435,35.77764129638672,51.459800720214844
6434310436,35.777687072753906,51.45981216430664
4698557156,35.778343200683594,51.46001434326172
423793665,35.77845001220703,51.46004867553711
423793666,35.77895736694336,51.46011734008789
4698557154,35.77928161621094,51.460105895996094
4698557152,35.77934646606445,51.46010208129883
1707151218,35.77993392944336,51.46524429321289
1707151179,35.778160095214844,51.464481353759766
4657953836,35.77772521972656,51.46525192260742
1707151173,35.777278900146484,51.465972900390625
423833041,35.778564453125,51.46511459350586
10701289868,35.778785705566406,51.46448516845703
4696632856,35.77983093261719,51.462371826171875
4696632858,35.779605865478516,51.46238327026367
4696632861,35.779441833496094,51.4623908996582
4696632863,35.77912139892578,51.46240234375
1707151184,35.77893829345703,51.46240997314453
1707151217,35.779884338378906,51.45899200439453
4698557163,35.779109954833984,51.45863342285156
4698557160,35.778160095214844,51.45819854736328
6434310437,35.778114318847656,51.45817565917969
1707151175,35.777557373046875,51.457855224609375
1707151190,35.77936935424805,51.46598434448242
423833042,35.778968811035156,51.46515655517578
4696627048,35.779937744140625,51.46304702758789
4696627046,35.77980422973633,51.46307373046875
4696627044,35.7794303894043,51.46315002441406
4696627042,35.779266357421875,51.46318435668945
1707151185,35.77912902832031,51.46321105957031
1707151181,35.77850341796875,51.46335220336914
4696607307,35.77980041503906,51.46492004394531
1707151212,35.77952194213867,51.464988708496094
4696607310,35.779441833496094,51.46503829956055
1721683060,35.779632568359375,51.45547866821289
1721683053,35.77956008911133,51.45610427856445
1721683045,35.77903747558594,51.44984436035156
5667400227,35.779029846191406,51.44994354248047
4698536185,35.77912521362305,51.450801849365234
1864321886,35.7793083190918,51.45259094238281
1721683049,35.77941131591797,51.4537353515625
1721683074,35.77970504760742,51.45359802246094
1721683057,35.77968215942383,51.45441818237305
4698544223,35.779483795166016,51.455101013183594
1721683081,35.77997589111328,51.45353698730469
1721683076,35.77989196777344,51.45307159423828
4698536187,35.77986145019531,51.45297622680664
1721683075,35.779815673828125,51.45232009887695
5186264957,35.779781341552734,51.45209503173828
5186264958,35.77971267700195,51.45188903808594
4698536190,35.779563903808594,51.45144271850586
4698536191,35.77949523925781,51.45098876953125
4698536189,35.77930450439453,51.45044708251953
4698536188,35.779117584228516,51.449947357177734
1721683079,35.77989959716797,51.45354461669922
4698536186,35.779014587402344,51.45387268066406
423832812,35.778602600097656,51.45394515991211
1864300717,35.778289794921875,51.45392608642578
1721683041,35.77815628051758,51.4540901184082
1864300678,35.777896881103516,51.4540901184082
1721683038,35.77740478515625,51.454078674316406
4695987410,35.7773323059082,51.45405197143555
1721683025,35.77680206298828,51.45387649536133
4695975717,35.776615142822266,51.45381164550781
4695975719,35.776092529296875,51.45362091064453
4316456852,35.77602005004883,51.45359420776367
1721683021,35.775489807128906,51.45340347290039
4316456848,35.775386810302734,51.453338623046875
7009847468,35.77545928955078,51.45305633544922
7009844822,35.77545928955078,51.453041076660156
1721683047,35.77945327758789,51.455406188964844
423815695,35.77850341796875,51.45269775390625
423832813,35.77833938598633,51.45499038696289
4698544220,35.778263092041016,51.45524597167969
4698544218,35.77815246582031,51.45566940307617
4695975713,35.77811813354492,51.455806732177734
4695969098,35.77781295776367,51.45696258544922
806589258,35.77766418457031,51.45750427246094
6096557785,35.777099609375,51.459259033203125
1721875823,35.77358627319336,51.44968032836914
1721875827,35.773765563964844,51.44948959350586
4557856613,35.77373123168945,51.44944763183594
4557856610,35.77362823486328,51.44938659667969
4557856609,35.77357864379883,51.449371337890625
4557856608,35.77353286743164,51.44937515258789
1721875822,35.77349090576172,51.44939422607422
1721875821,35.773433685302734,51.44949722290039
4557856606,35.7734489440918,51.44955062866211
4557856605,35.77348327636719,51.449607849121094
4557856607,35.77353286743164,51.449649810791016
4557856614,35.77365493774414,51.44968795776367
1721875825,35.773704528808594,51.44968795776367
4692090681,35.773746490478516,51.449676513671875
4557856611,35.773773193359375,51.44965744018555
423816007,35.773799896240234,51.4495964050293
4557856612,35.7737922668457,51.449546813964844
4316456856,35.77681350708008,51.450927734375
423815691,35.77757263183594,51.451263427734375
1725215766,35.779273986816406,51.441654205322266
1725215768,35.7793083190918,51.44122314453125
1725215760,35.77898025512695,51.44377899169922
1725215769,35.77931213378906,51.44384765625
1725215776,35.779563903808594,51.44301986694336
1725215779,35.77962112426758,51.44248580932617
1725215732,35.777320861816406,51.44136428833008
1725215731,35.77730941772461,51.44112014770508
1725215733,35.777591705322266,51.44012451171875
423821081,35.77895736694336,51.44279479980469
1725215765,35.77911376953125,51.44280242919922
1725215767,35.77928924560547,51.4428596496582
4705388831,35.779754638671875,51.44313049316406
1725215783,35.77985382080078,51.44318771362305
423821078,35.77869415283203,51.441184997558594
1725215742,35.778236389160156,51.441226959228516
1725215735,35.777732849121094,51.44129943847656
4705330057,35.7769775390625,51.44148635864258
1725415330,35.76313781738281,51.45066452026367
5621242686,35.76314163208008,51.45078659057617
9750712276,35.76315689086914,51.450843811035156
3405485397,35.76316452026367,51.45086669921875
3405485398,35.763214111328125,51.450927734375
5621242687,35.76327896118164,51.45097351074219
1725415333,35.76333999633789,51.450992584228516
1725415336,35.7636604309082,51.45094680786133
1725415349,35.76372528076172,51.450889587402344
5621242684,35.763755798339844,51.45082092285156
5621242685,35.76376724243164,51.45073699951172
1725415351,35.763755798339844,51.45066452026367
1725415347,35.763736724853516,51.45059585571289
6049896585,35.76205825805664,51.4599494934082
7266382968,35.762088775634766,51.45987319946289
4450941429,35.76274871826172,51.458072662353516
9751562375,35.76299285888672,51.45107650756836
9441587469,35.76324462890625,51.45101547241211
9900349188,35.76377487182617,51.45093536376953
9441587429,35.76381301879883,51.450931549072266
9569441698,35.76393127441406,51.45094299316406
3405485399,35.7640380859375,51.45096206665039
5243625250,35.76419448852539,51.45100402832031
1725415353,35.76434326171875,51.45106887817383
9649752359,35.765140533447266,51.451515197753906
1725415355,35.76548767089844,51.45170974731445
1739324377,35.77775573730469,51.454734802246094
2022634074,35.763362884521484,51.459468841552734
429412527,35.76369094848633,51.4586181640625
423816029,35.77177047729492,51.446468353271484
4695666773,35.767578125,51.4483757019043
1864300682,35.763954162597656,51.45256805419922
1864300725,35.76369094848633,51.453128814697266
9649752361,35.765167236328125,51.45156478881836
9649752360,35.76518249511719,51.45163345336914
5250611788,35.76518630981445,51.45169448852539
3405484860,35.765045166015625,51.45195388793945
3405484859,35.764835357666016,51.45207595825195
3405484858,35.76462173461914,51.45246505737305
1864300681,35.777984619140625,51.45314407348633
2022634080,35.76214599609375,51.460792541503906
2022634157,35.762611389160156,51.459712982177734
2022634063,35.762840270996094,51.45915222167969
3043244927,35.76308059692383,51.45855712890625
2022634168,35.76211166381836,51.46089553833008
2022634167,35.76219177246094,51.46067428588867
2022634096,35.762210845947266,51.46137619018555
4695969116,35.77428436279297,51.46159744262695
2106802324,35.77440643310547,51.46110153198242
4429684147,35.77497100830078,51.45880126953125
2106802328,35.77425765991211,51.46104431152344
423832814,35.77508544921875,51.46137237548828
4695969111,35.775638580322266,51.46158218383789
4429692926,35.776161193847656,51.46177291870117
2193982051,35.777835845947266,51.462425231933594
4698562498,35.77814483642578,51.46253204345703
2106802321,35.77878189086914,51.46275329589844
4695924405,35.77570724487305,51.460628509521484
11194352482,35.764122009277344,51.44183349609375
11194352481,35.76408767700195,51.44173049926758
1863667682,35.762882232666016,51.465938568115234
1863667614,35.7630500793457,51.46553421020508
4813621597,35.76319885253906,51.46516418457031
443319982,35.76326370239258,51.46500015258789
443320011,35.76279067993164,51.46549606323242
4466971380,35.76226806640625,51.465415954589844
2795047865,35.76327133178711,51.452816009521484
2795047866,35.76350021362305,51.45229721069336
2860485034,35.77017593383789,51.45210647583008
2813223402,35.77037048339844,51.45146942138672
423793594,35.77002716064453,51.459632873535156
2860485035,35.77109146118164,51.4525260925293
423832793,35.767539978027344,51.45750045776367
2861503341,35.77065658569336,51.45130157470703
2861503343,35.770103454589844,51.45112228393555
2861503345,35.7711181640625,51.451725006103516
423815710,35.774044036865234,51.441368103027344
423816890,35.774478912353516,51.44099044799805
4698367363,35.77455139160156,51.44094467163086
5726748645,35.77483367919922,51.44076919555664
4698367368,35.77505111694336,51.44063186645508
4698367369,35.77524948120117,51.44050598144531
4698367370,35.77577209472656,51.44017028808594
423816888,35.77588653564453,51.440120697021484
8243063383,35.77622604370117,51.44015121459961
4692318259,35.776248931884766,51.44015121459961
423830747,35.778892517089844,51.44012451171875
423821076,35.778743743896484,51.44043731689453
423821077,35.77869415283203,51.44071578979492
1725215746,35.77872848510742,51.44145202636719
1725215753,35.77879333496094,51.44183349609375
423821052,35.77879333496094,51.441959381103516
1725215751,35.7787971496582,51.4420166015625
1725215749,35.77872848510742,51.442325592041016
423821079,35.77873611450195,51.44243240356445
4705388832,35.77897262573242,51.44306945800781
423821083,35.77899932861328,51.44350814819336
4513930720,35.77894973754883,51.44441604614258
4692318251,35.77630615234375,51.44015884399414
1725215725,35.77663803100586,51.440185546875
423830745,35.776893615722656,51.44017028808594
4705330059,35.7769889831543,51.440162658691406
4705330056,35.77793502807617,51.44013214111328
1725215743,35.778316497802734,51.44009780883789
4698523036,35.77942657470703,51.446937561035156
4493669624,35.77934646606445,51.44725036621094
4698523043,35.779258728027344,51.44765853881836
3798184981,35.77919006347656,51.448001861572266
2918357569,35.77914810180664,51.448219299316406
5667400230,35.778865814208984,51.44964599609375
1864300702,35.76251220703125,51.452232360839844
4695567374,35.76283264160156,51.452491760253906
4695567373,35.76317596435547,51.4527473449707
1864300666,35.76417922973633,51.453495025634766
4696627055,35.779842376708984,51.463504791259766
3187458844,35.77994918823242,51.46394348144531
4705509188,35.76435852050781,51.4413948059082
1864271565,35.76487350463867,51.440826416015625
4707057902,35.76485061645508,51.44070053100586
987586338,35.76271438598633,51.442413330078125
11194352485,35.76408386230469,51.44170379638672
4482283396,35.7673454284668,51.45583724975586
1721875799,35.76639175415039,51.45551681518555
4695667411,35.765560150146484,51.45534896850586
1721875798,35.76472091674805,51.45528793334961
4695667413,35.764400482177734,51.455345153808594
4695667412,35.764129638671875,51.455413818359375
1721875797,35.7639045715332,51.45548629760742
4412258440,35.766475677490234,51.44917297363281
3405484850,35.76616668701172,51.449859619140625
4695567367,35.765316009521484,51.45149230957031
1864300712,35.76399612426758,51.45390319824219
4695667409,35.7643928527832,51.45407485961914
4695667410,35.76505661010742,51.45438003540039
1864300723,35.76806640625,51.45577621459961
3602007657,35.7694206237793,51.4404296875
3798184980,35.77970886230469,51.448184967041016
424055426,35.762176513671875,51.448577880859375
424068093,35.76542282104492,51.440086364746094
4763812258,35.763519287109375,51.446807861328125
4086140998,35.762691497802734,51.44455337524414
4551688565,35.778038024902344,51.44928741455078
4695998355,35.77775573730469,51.449161529541016
4316456858,35.77739715576172,51.448997497558594
4316456851,35.775672912597656,51.44822311401367
423816012,35.77511978149414,51.447975158691406
4695998346,35.774452209472656,51.44767379760742
4316456835,35.77373504638672,51.44735336303711
423816005,35.77333450317383,51.447174072265625
423813742,35.77254867553711,51.44681930541992
4695866620,35.77199935913086,51.446571350097656
4695866618,35.77149963378906,51.446346282958984
423813741,35.76999282836914,51.44567108154297
2170382009,35.7633056640625,51.44419479370117
4695567377,35.763404846191406,51.44855880737305
4683382508,35.76324462890625,51.448490142822266
4268219993,35.76312255859375,51.44843292236328
4268219992,35.762996673583984,51.44840621948242
2170388943,35.762088775634766,51.44303894042969
4634769067,35.762229919433594,51.44294357299805
2170388933,35.762779235839844,51.44260787963867
4695975712,35.77704620361328,51.45528030395508
4316456854,35.776206970214844,51.456905364990234
4695998344,35.773895263671875,51.44681930541992
4316456837,35.774147033691406,51.44599151611328
4316456853,35.776058197021484,51.44685363769531
4695969092,35.77406692504883,51.45561599731445
5289114994,35.76305389404297,51.45521545410156
4658772356,35.7627067565918,51.455081939697266
429412268,35.76237869262695,51.454933166503906
4558114534,35.76226806640625,51.45487976074219
423813728,35.776771545410156,51.441585540771484
8186666625,35.776763916015625,51.44153594970703
8172489033,35.7767448425293,51.44150161743164
4705330062,35.7766227722168,51.44126892089844
8186666624,35.77647399902344,51.4409294128418
4705330064,35.77645492553711,51.44088363647461
4705330063,35.7763557434082,51.44053268432617
4695667393,35.76698684692383,51.45262908935547
4379726029,35.76886749267578,51.458656311035156
4695666786,35.76777648925781,51.45098876953125
4379726019,35.76820755004883,51.45807647705078
429412522,35.76824951171875,51.46202850341797
429412485,35.769317626953125,51.45903015136719
423793588,35.76680374145508,51.46076583862305
423793595,35.7679443359375,51.45783996582031
4403803545,35.76723098754883,51.44194793701172
4403803546,35.76753616333008,51.44272232055664
4403803547,35.76727294921875,51.44181823730469
4403803548,35.766868591308594,51.44063949584961
4403810839,35.766441345214844,51.44343566894531
4403810841,35.76667785644531,51.443294525146484
4403810840,35.76634979248047,51.44246292114258
4221838196,35.76527786254883,51.44306945800781
4403834595,35.76564025878906,51.44404602050781
2170381542,35.76530075073242,51.44293212890625
4403834962,35.76483154296875,51.4415283203125
4403845341,35.76229476928711,51.449100494384766
6757664502,35.76237106323242,51.44865036010742
4268219387,35.76237106323242,51.44862747192383
4404038812,35.76557540893555,51.44009017944336
4412258441,35.76590347290039,51.44875717163086
4412258444,35.76483154296875,51.45121765136719
4695611098,35.76544189453125,51.449954986572266
4695611099,35.765438079833984,51.449825286865234
4695611104,35.76455307006836,51.44878387451172
4695611107,35.764896392822266,51.4489631652832
4412258445,35.765079498291016,51.449058532714844
4412258446,35.76519012451172,51.44877243041992
4412258448,35.765445709228516,51.4482421875
4695611102,35.76517105102539,51.448097229003906
9288662427,35.76483917236328,51.44792556762695
4412258453,35.76357650756836,51.4441032409668
4412258454,35.76362609863281,51.44416427612305
4412258455,35.763694763183594,51.444183349609375
4692533039,35.76377487182617,51.44422149658203
4692533040,35.76388931274414,51.44416427612305
4412258458,35.76390838623047,51.44411087036133
4412258459,35.76390075683594,51.443946838378906
4221838198,35.763919830322266,51.443851470947266
4429680695,35.76953887939453,51.45921325683594
4429680697,35.77050018310547,51.457664489746094
4429680702,35.77181625366211,51.461177825927734
4429684146,35.77431869506836,51.45855712890625
4429692924,35.77489471435547,51.46194839477539
4695969114,35.77482986450195,51.46200180053711
4695969113,35.775238037109375,51.46208572387695
4429692923,35.776039123535156,51.46240997314453
4696632866,35.7786865234375,51.464324951171875
1707151183,35.77883529663086,51.46432876586914
4696632871,35.779083251953125,51.464298248291016
4696627041,35.779319763183594,51.464271545410156
423832940,35.77945327758789,51.464256286621094
4696627040,35.779808044433594,51.464210510253906
4657965378,35.778358459472656,51.46500778198242
4696632873,35.77916717529297,51.465145111083984
4698562496,35.77928161621094,51.46513748168945
6089414139,35.77939987182617,51.465118408203125
6638516671,35.766109466552734,51.446346282958984
423813733,35.77294158935547,51.445438385009766
4695998342,35.7733039855957,51.44560241699219
4698385298,35.77383041381836,51.44584655761719
4695998348,35.77640151977539,51.44700622558594
4698510544,35.776607513427734,51.44709777832031
4698510542,35.777183532714844,51.44735336303711
4551688588,35.77767562866211,51.447566986083984
4698523063,35.77793502807617,51.44768142700195
4695998356,35.778194427490234,51.44779968261719
4698523061,35.778221130371094,51.447811126708984
423813736,35.778438568115234,51.447906494140625
4695998358,35.77888488769531,51.44810104370117
423813737,35.779747009277344,51.448486328125
423815709,35.7743034362793,51.44243240356445
4698380301,35.774269104003906,51.44230270385742
4698380304,35.774166107177734,51.441917419433594
4450610060,35.772274017333984,51.44041061401367
4698344872,35.77271270751953,51.44019317626953
4450610061,35.77273941040039,51.44017028808594
7288879559,35.772735595703125,51.44013977050781
4818292273,35.762569427490234,51.458396911621094
4818292275,35.76240158081055,51.458824157714844
443320010,35.76289367675781,51.46415710449219
443320006,35.76283645629883,51.46493911743164
4813610982,35.76223373413086,51.465843200683594
4466971381,35.7623291015625,51.46487045288086
2123565064,35.762359619140625,51.46445846557617
9577168331,35.76242446899414,51.46360778808594
4482283394,35.766990661621094,51.45703887939453
4482283395,35.76722717285156,51.45626449584961
4482283393,35.766666412353516,51.456058502197266
4482283392,35.76633071899414,51.455963134765625
4482283391,35.76589584350586,51.45586395263672
4482283390,35.76573944091797,51.45586013793945
4482283389,35.765602111816406,51.45594787597656
4482481111,35.77556610107422,51.46445083618164
10178099384,35.7757453918457,51.464168548583984
423832816,35.77660369873047,51.46537399291992
429412534,35.763301849365234,51.462669372558594
4493669605,35.77935791015625,51.44524002075195
4493669606,35.77979278564453,51.44525909423828
423813739,35.779319763183594,51.44512176513672
4698523057,35.778934478759766,51.445247650146484
4698523045,35.77864456176758,51.44533920288086
4493669607,35.778404235839844,51.445411682128906
4493669608,35.778289794921875,51.4454231262207
4551688593,35.77799606323242,51.44544219970703
4698510524,35.7779655456543,51.4455451965332
9652783565,35.77788543701172,51.44585418701172
4551688592,35.77783203125,51.446067810058594
4698510529,35.77781677246094,51.446102142333984
4551688591,35.77769470214844,51.44637680053711
4493669609,35.779441833496094,51.44559860229492
4493669615,35.77897262573242,51.445621490478516
4493669610,35.778648376464844,51.44563293457031
4548912076,35.777313232421875,51.44196701049805
4705330051,35.77750015258789,51.44194412231445
423821044,35.777732849121094,51.4419059753418
423821050,35.7780647277832,51.44191360473633
4705330047,35.77813720703125,51.441917419433594
423813738,35.77948760986328,51.44601821899414
4493669614,35.779212951660156,51.44602966308594
4698523039,35.778846740722656,51.44702911376953
4493669623,35.77911376953125,51.4471435546875
4493669625,35.7775764465332,51.442771911621094
4493669627,35.7777214050293,51.44258499145508
4548912074,35.77828598022461,51.442684173583984
4493669628,35.77690505981445,51.44060134887695
423815697,35.777008056640625,51.453216552734375
4511786871,35.77670669555664,51.45421600341797
4698510523,35.77887725830078,51.4444580078125
4513930721,35.77867126464844,51.4444694519043
4513930722,35.77855682373047,51.44392776489258
4513930723,35.77861404418945,51.44331741333008
4429692925,35.77516174316406,51.464115142822266
4539093043,35.775184631347656,51.46406936645508
4539093044,35.77519989013672,51.464012145996094
4539093045,35.775203704833984,51.46397399902344
4539093046,35.77519226074219,51.46393966674805
4539093047,35.775177001953125,51.46391677856445
4539093048,35.77516174316406,51.46390151977539
4539093049,35.77507781982422,51.46381378173828
4539093050,35.77504348754883,51.463802337646484
4539093051,35.77500534057617,51.463809967041016
4539093052,35.77497482299805,51.4638557434082
4548912079,35.773040771484375,51.44294357299805
4548912086,35.77376174926758,51.442649841308594
4548912082,35.77355194091797,51.44371032714844
9307444641,35.77384567260742,51.444183349609375
4548912080,35.773841857910156,51.444210052490234
9307444640,35.773826599121094,51.44422149658203
4698385304,35.7730712890625,51.44450759887695
4548912081,35.772789001464844,51.44460678100586
4698385308,35.77323532104492,51.44382095336914
4698385306,35.77318572998047,51.44384002685547
4548912083,35.772640228271484,51.44403076171875
4548912084,35.77288055419922,51.44496154785156
4698385300,35.773250579833984,51.44480895996094
4698385302,35.77372741699219,51.444610595703125
4698385294,35.77389907836914,51.44453811645508
4698385296,35.774349212646484,51.44450378417969
9307444639,35.77445983886719,51.44484329223633
4548912087,35.77445983886719,51.444862365722656
4705330049,35.7773323059082,51.44209671020508
4705330048,35.777442932128906,51.44229507446289
4551682245,35.7774543762207,51.442440032958984
9838990637,35.777496337890625,51.44256591796875
4513930725,35.77655792236328,51.443443298339844
4698380184,35.776527404785156,51.443546295166016
4551688566,35.7764892578125,51.44363021850586
4698380185,35.77642059326172,51.4437255859375
4551688567,35.776390075683594,51.44381332397461
4698502266,35.776363372802734,51.443939208984375
4551688568,35.77632141113281,51.444114685058594
4698502262,35.776283264160156,51.44426727294922
4551688569,35.7762451171875,51.444435119628906
4698502264,35.776214599609375,51.44467544555664
4551688570,35.77619171142578,51.44486618041992
4551688571,35.776161193847656,51.445072174072266
4551688572,35.77617645263672,51.445316314697266
4551688573,35.77619171142578,51.44585418701172
4551688575,35.77621078491211,51.44597244262695
4513930728,35.776031494140625,51.44359588623047
4698502285,35.7760124206543,51.443695068359375
4551688579,35.775962829589844,51.444000244140625
4551688580,35.77592468261719,51.444183349609375
4551688581,35.77591323852539,51.44422912597656
4551688582,35.775787353515625,51.44422149658203
4551688583,35.775699615478516,51.444217681884766
5024815125,35.76203155517578,51.45774459838867
1864300683,35.7632942199707,51.45398712158203
4658772355,35.76300048828125,51.45402145385742
1864300696,35.762447357177734,51.454078674316406
4664780472,35.762550354003906,51.45111846923828
4683382421,35.771697998046875,51.44261169433594
4683382422,35.7711067199707,51.44291687011719
4683382428,35.77103042602539,51.44264602661133
4683382424,35.77061080932617,51.44114303588867
4683382425,35.77009963989258,51.44175720214844
4695837550,35.76997756958008,51.44189453125
4683382426,35.76979446411133,51.442108154296875
4683382442,35.76958465576172,51.44224548339844
4695837551,35.769351959228516,51.44242477416992
4683382427,35.76948547363281,51.44297790527344
4695817996,35.77048110961914,51.442867279052734
4683382429,35.76986312866211,51.443115234375
4683382430,35.77293014526367,51.445491790771484
4695866624,35.7723388671875,51.44560241699219
4683382431,35.7723388671875,51.44573974609375
4695622380,35.76691436767578,51.445762634277344
4695622378,35.766727447509766,51.44575500488281
4683382446,35.76687240600586,51.44450759887695
424055369,35.76324462890625,51.4472770690918
4683382477,35.76336669921875,51.448089599609375
4683436109,35.76652908325195,51.44746017456055
4683436111,35.76628494262695,51.44731903076172
4683436113,35.76618194580078,51.44725799560547
4683436105,35.76588821411133,51.447086334228516
424055346,35.76569366455078,51.44759750366211
4683436110,35.766807556152344,51.446678161621094
4683436112,35.76654052734375,51.44664001464844
4683436114,35.766021728515625,51.447696685791016
4695611108,35.76425552368164,51.44945526123047
4683436116,35.76466369628906,51.449676513671875
30772626,35.776275634765625,51.440494537353516
1725215721,35.776344299316406,51.44077682495117
4698380180,35.77641296386719,51.44097900390625
423821034,35.77643966674805,51.44107437133789
1725215723,35.77656555175781,51.44137954711914
4698523058,35.776702880859375,51.44154357910156
8186666626,35.7767333984375,51.44156265258789
4695216248,35.773887634277344,51.44102096557617
7288879554,35.773868560791016,51.44101333618164
4695216249,35.77383041381836,51.441017150878906
7288879557,35.773597717285156,51.44110870361328
4695216250,35.773563385009766,51.44110870361328
7288879558,35.773536682128906,51.441062927246094
4695216251,35.77323532104492,51.44031524658203
4695529109,35.763206481933594,51.44263458251953
4695529108,35.7634391784668,51.44331741333008
4695529111,35.76361846923828,51.44240951538086
4763812259,35.763999938964844,51.44353485107422
4695529114,35.764644622802734,51.44182205200195
4695529113,35.76420974731445,51.44208526611328
4695529112,35.762855529785156,51.44282913208008
4695529116,35.762481689453125,51.444541931152344
4695529115,35.762107849121094,51.443485260009766
4695567371,35.76223373413086,51.451107025146484
4695529119,35.76219940185547,51.451866149902344
4695529122,35.76200485229492,51.452457427978516
4695567366,35.763710021972656,51.450016021728516
4695567365,35.763526916503906,51.450477600097656
5244624163,35.76552963256836,51.45161437988281
9569441693,35.76393508911133,51.450706481933594
9847389529,35.76389694213867,51.45068359375
9900349192,35.76385498046875,51.45066452026367
4695567370,35.762882232666016,51.45104217529297
4695567372,35.76279830932617,51.45352554321289
4695567375,35.76310348510742,51.45187759399414
4695567376,35.763275146484375,51.448944091796875
4695610686,35.76567459106445,51.44681930541992
4695610688,35.765342712402344,51.44697189331055
4695611090,35.7650260925293,51.44706344604492
4695611092,35.764835357666016,51.447044372558594
4695611094,35.7647590637207,51.44483947753906
4695611097,35.764488220214844,51.443538665771484
4695611096,35.7648811340332,51.444602966308594
4695611101,35.76504135131836,51.4484748840332
4695611105,35.76465606689453,51.4484748840332
4695611103,35.76445388793945,51.449058532714844
4695611106,35.764774322509766,51.44926452636719
4695611109,35.764347076416016,51.44925308227539
4695622373,35.766822814941406,51.445003509521484
4695622375,35.766971588134766,51.44514465332031
4695622376,35.76694107055664,51.445411682128906
4695622377,35.7667350769043,51.44560623168945
4695622379,35.76695251464844,51.44615173339844
4695666769,35.76738357543945,51.447967529296875
4695666770,35.76777267456055,51.44773483276367
4695666771,35.76810073852539,51.447547912597656
8285436004,35.76771926879883,51.447914123535156
4695666774,35.767822265625,51.44757843017578
4695666776,35.76689529418945,51.44942855834961
4695666780,35.7669792175293,51.45059585571289
4695666784,35.76874542236328,51.4506721496582
4695666783,35.76853942871094,51.45134735107422
8390414204,35.767208099365234,51.45071029663086
4695666788,35.7666130065918,51.45200729370117
4695667390,35.766029357910156,51.451358795166016
4695667392,35.76674270629883,51.45338439941406
4695667396,35.76637268066406,51.45206069946289
4695667395,35.766292572021484,51.452301025390625
4695667398,35.76583480834961,51.451805114746094
4695667397,35.76573944091797,51.4520378112793
4695667406,35.76545333862305,51.453880310058594
4695667400,35.765960693359375,51.45429229736328
4695667403,35.76537322998047,51.45384216308594
4695667402,35.76531982421875,51.454002380371094
4695667405,35.76568603515625,51.4539909362793
4695667404,35.76519775390625,51.453765869140625
4695667399,35.76599884033203,51.4521598815918
4695667408,35.7641487121582,51.4547233581543
4695737204,35.76761245727539,51.44608688354492
4695735772,35.76838302612305,51.44499206542969
4695737199,35.76839828491211,51.44505310058594
9357300679,35.76864242553711,51.44224548339844
9357300680,35.76866149902344,51.44234848022461
423816752,35.76866912841797,51.44242858886719
423816753,35.768680572509766,51.443031311035156
987527838,35.768714904785156,51.44334411621094
987527854,35.76908874511719,51.44329833984375
4695735774,35.76927185058594,51.444183349609375
4695735780,35.76848602294922,51.44498825073242
4695735771,35.768978118896484,51.44440841674805
423816750,35.7692985534668,51.44427490234375
4695735779,35.76960372924805,51.444156646728516
4695818003,35.77000427246094,51.44387435913086
4695735783,35.768917083740234,51.44683837890625
4695735782,35.76866149902344,51.44660949707031
4695735786,35.7690544128418,51.44664764404297
4695735785,35.768821716308594,51.44697570800781
4695735784,35.76874542236328,51.446922302246094
4695735788,35.76847839355469,51.445343017578125
4695735787,35.76810073852539,51.44549560546875
4695737190,35.76924514770508,51.44546890258789
4695737189,35.769287109375,51.445640563964844
4695737192,35.76895523071289,51.445579528808594
4695737191,35.76905059814453,51.445945739746094
4695737194,35.768428802490234,51.445777893066406
7740294322,35.7685546875,51.446250915527344
4695737195,35.76858139038086,51.44572067260742
4695737196,35.768043518066406,51.4459228515625
4695737202,35.76792907714844,51.44550323486328
4695737198,35.76797866821289,51.44594955444336
4695737197,35.76811981201172,51.4464225769043
4695737208,35.76727294921875,51.44688034057617
4695737212,35.76773452758789,51.44660949707031
4695737211,35.76748275756836,51.44648742675781
4695790500,35.76961135864258,51.444374084472656
7611533840,35.7696418762207,51.44452667236328
4695735781,35.769386291503906,51.44463348388672
4695817995,35.77032470703125,51.44227600097656
4695817998,35.77006530761719,51.442665100097656
4695817997,35.769775390625,51.44279098510742
4695818001,35.76997756958008,51.443790435791016
4695818002,35.770076751708984,51.444175720214844
4695818005,35.7702522277832,51.44369888305664
4695818004,35.77033996582031,51.44400405883789
4695818007,35.77052688598633,51.44514465332031
4695818006,35.77058410644531,51.44540023803711
987522473,35.77043151855469,51.44520950317383
4695818008,35.770164489746094,51.44428253173828
4695818010,35.767860412597656,51.45304489135742
4695818009,35.767642974853516,51.453792572021484
4695818012,35.768211364746094,51.452999114990234
4695818011,35.76814651489258,51.453182220458984
4695818014,35.7680549621582,51.45409393310547
6322941660,35.767330169677734,51.454627990722656
4695818015,35.76728820800781,51.45476531982422
4695818017,35.76737594604492,51.453975677490234
4695818019,35.76453399658203,51.453643798828125
4695837543,35.7698860168457,51.441558837890625
4695837544,35.769710540771484,51.4418830871582
4695837545,35.76985168457031,51.44147491455078
4695837546,35.770118713378906,51.441280364990234
4695837548,35.770286560058594,51.441001892089844
4695837553,35.769439697265625,51.44160842895508
4695837552,35.76951217651367,51.44194030761719
4695837555,35.76859664916992,51.444732666015625
4695837554,35.76839828491211,51.44444274902344
4695837557,35.768348693847656,51.44509506225586
6322941668,35.76833724975586,51.44507598876953
4695837559,35.76786422729492,51.44291687011719
4695837558,35.7678337097168,51.44316482543945
4695837569,35.76808166503906,51.44296646118164
4695837560,35.767696380615234,51.442874908447266
4695837562,35.76836013793945,51.44319152832031
4695837561,35.76805877685547,51.44313430786133
4695837564,35.768096923828125,51.444580078125
4695837563,35.76789474487305,51.44450759887695
2170381783,35.7679328918457,51.44154357910156
4695837571,35.768123626708984,51.442283630371094
9357300678,35.76814270019531,51.44239044189453
4695837570,35.76814651489258,51.442501068115234
4695837568,35.768043518066406,51.44328308105469
9357300677,35.76805114746094,51.44354248046875
4695837567,35.768035888671875,51.44369125366211
4695837566,35.76775360107422,51.44541931152344
4695735773,35.768943786621094,51.444313049316406
4695866617,35.77162551879883,51.44598388671875
4695866619,35.7720947265625,51.446292877197266
4695866623,35.77274703979492,51.44615936279297
4695866622,35.772315979003906,51.44596862792969
4695866621,35.77229309082031,51.44606399536133
4695866626,35.77290725708008,51.44510269165039
4695866625,35.77254867553711,51.4452018737793
4695866628,35.77281188964844,51.44469451904297
4695866627,35.77225112915039,51.44485092163086
9766894901,35.77213668823242,51.44239807128906
4695882299,35.769020080566406,51.456050872802734
4695882302,35.76938247680664,51.45475769042969
4695882303,35.76907730102539,51.45561599731445
4695882306,35.76935958862305,51.453758239746094
4695882305,35.76925277709961,51.45414352416992
4695882307,35.76831817626953,51.45012283325195
4695924401,35.77619171142578,51.458011627197266
4695924402,35.77622985839844,51.459041595458984
4695924404,35.776268005371094,51.45939254760742
4695924406,35.775901794433594,51.460716247558594
4695924407,35.77559280395508,51.45907974243164
4695924409,35.7752685546875,51.46034240722656
4429684144,35.77263641357422,51.461891174316406
4695924411,35.774513244628906,51.45811462402344
4695924413,35.77382278442383,51.4564094543457
4695924414,35.77387619018555,51.458255767822266
4695924415,35.772884368896484,51.45742416381836
4695924417,35.773651123046875,51.4568977355957
4695924418,35.7734489440918,51.457576751708984
4695924420,35.77326202392578,51.45794677734375
4695924422,35.77303695678711,51.4561653137207
4695924424,35.77303695678711,51.456424713134766
4695924425,35.772560119628906,51.457679748535156
4695924427,35.77240753173828,51.45583724975586
4695924429,35.772212982177734,51.45712661743164
4695924431,35.7714729309082,51.4571533203125
4695924434,35.770729064941406,51.456783294677734
4695924433,35.77068328857422,51.45701217651367
4695924435,35.77124786376953,51.455806732177734
4695924437,35.771759033203125,51.455482482910156
4695924439,35.771339416503906,51.455440521240234
4695924441,35.77093505859375,51.45659255981445
4695924444,35.770938873291016,51.455604553222656
4695924445,35.770565032958984,51.45634841918945
4695924447,35.769874572753906,51.45640182495117
4695924449,35.76982879638672,51.456058502197266
4695968784,35.7720947265625,51.452266693115234
2860485037,35.77070617675781,51.453758239746094
9033986794,35.771244049072266,51.4537467956543
4695968786,35.77119445800781,51.45390319824219
4695968788,35.771907806396484,51.45415115356445
4695969096,35.774658203125,51.45696258544922
4695969095,35.77467727661133,51.45704650878906
4695969097,35.77737045288086,51.45680236816406
4695969102,35.775291442871094,51.45648956298828
4695969101,35.775047302246094,51.457244873046875
4695969104,35.77589797973633,51.456764221191406
4695969103,35.77578353881836,51.45711135864258
4695969105,35.77547073364258,51.45772933959961
4695969107,35.77573776245117,51.45766830444336
4695969109,35.775978088378906,51.45767593383789
4695969110,35.775508880615234,51.462059020996094
4695969117,35.774627685546875,51.46174240112305
4695978672,35.777225494384766,51.45537185668945
4695978677,35.77732849121094,51.45542526245117
4695978674,35.777366638183594,51.455440521240234
4695978680,35.77764129638672,51.4555778503418
4695978684,35.77784729003906,51.45568084716797
4695978682,35.77788162231445,51.4556999206543
4695975714,35.77680587768555,51.454490661621094
4695975716,35.77655029296875,51.45407485961914
4695975718,35.776031494140625,51.45386505126953
4695975721,35.7758674621582,51.4546012878418
4695975720,35.77615737915039,51.45475387573242
4695975722,35.77603530883789,51.454063415527344
7009847469,35.77520751953125,51.45341491699219
7009847471,35.77522277832031,51.45339584350586
4695975723,35.775230407714844,51.45338439941406
7009847470,35.77525329589844,51.45337677001953
7009847473,35.77527618408203,51.453365325927734
7009847472,35.77531433105469,51.4533576965332
4695975724,35.77363586425781,51.45294952392578
4695975726,35.7732048034668,51.45271301269531
4695975728,35.772247314453125,51.45222473144531
4695975730,35.7718505859375,51.45216751098633
4695978673,35.77736282348633,51.4549674987793
4695978675,35.77749252319336,51.455055236816406
4695978678,35.777748107910156,51.45521545410156
4695978679,35.777549743652344,51.45585250854492
4695978681,35.77796173095703,51.455474853515625
4695978683,35.777767181396484,51.455909729003906
4695978686,35.77783203125,51.454524993896484
4695978685,35.77769470214844,51.45492935180664
4695987409,35.77738571166992,51.45386505126953
4695987411,35.77789306640625,51.45381546020508
4695987412,35.778076171875,51.45442199707031
4695998341,35.77320098876953,51.44597244262695
4695998343,35.77362060546875,51.44669723510742
9652746954,35.77452850341797,51.447452545166016
4695998345,35.77458953857422,51.447269439697266
4695998347,35.77620315551758,51.44769287109375
4695998350,35.777366638183594,51.44827651977539
4695998349,35.777252197265625,51.44860076904297
4695998352,35.77758026123047,51.4483757019043
4695998351,35.77766799926758,51.44811248779297
4695998354,35.7779541015625,51.44855499267578
4695998357,35.7787971496582,51.448429107666016
4696009399,35.77138137817383,51.4433479309082
4696607306,35.77976989746094,51.464759826660156
4696627039,35.77986526489258,51.46444320678711
4696632869,35.77928161621094,51.46345901489258
4696627043,35.779396057128906,51.4627571105957
4696627045,35.77973556518555,51.46270751953125
4696627047,35.77992630004883,51.46330642700195
4696632850,35.77967071533203,51.46177673339844
4696632852,35.77991485595703,51.46112823486328
4696632855,35.77988815307617,51.46207046508789
4696632854,35.77976608276367,51.4619255065918
4696632857,35.779605865478516,51.46256637573242
4696632859,35.77943420410156,51.462162017822266
4696632860,35.77943801879883,51.462711334228516
4696632862,35.77912139892578,51.46271896362305
4696632864,35.77901840209961,51.462738037109375
4696632865,35.77911376953125,51.462860107421875
4696632868,35.77861785888672,51.46356964111328
4696632867,35.77842330932617,51.463565826416016
4696632870,35.7790641784668,51.46395492553711
4696632872,35.779327392578125,51.4647331237793
4696632874,35.77938461303711,51.464454650878906
4698344871,35.77268600463867,51.440738677978516
7288879560,35.77273941040039,51.44093322753906
4698344870,35.77273941040039,51.44096374511719
7288879561,35.77271270751953,51.440982818603516
7288879543,35.77428436279297,51.44001388549805
4698355451,35.7742805480957,51.440032958984375
7288879544,35.774288177490234,51.44004821777344
4698355450,35.7744255065918,51.44026184082031
4698367358,35.774322509765625,51.440616607666016
4698367361,35.7746467590332,51.441287994384766
4698367360,35.77445602416992,51.44142150878906
4698367359,35.77437973022461,51.44147872924805
4698367362,35.77473449707031,51.44159698486328
4698367364,35.77537536621094,51.44085693359375
4698367367,35.77519607543945,51.44133758544922
4698367366,35.77521514892578,51.44142532348633
4698367365,35.7752571105957,51.44172286987305
4698367371,35.77589416503906,51.44060134887695
4698380170,35.777156829833984,51.442710876464844
4698380168,35.777076721191406,51.44272232055664
4698380171,35.775840759277344,51.44289779663086
4698380173,35.776100158691406,51.44172286987305
4698380175,35.77658462524414,51.44255447387695
4698380178,35.775699615478516,51.44102096557617
4698380179,35.77582931518555,51.44132614135742
4698380177,35.775917053222656,51.441551208496094
4698380167,35.77564239501953,51.443946838378906
4698380182,35.77568435668945,51.44362258911133
4698380183,35.77634048461914,51.44312286376953
4698380290,35.776458740234375,51.44352340698242
4698380292,35.77523422241211,51.44303512573242
4698380291,35.774566650390625,51.44322204589844
4698380294,35.774925231933594,51.44285202026367
4698380293,35.77489471435547,51.44272232055664
4698380296,35.77531433105469,51.4427490234375
4513930737,35.77448654174805,51.442970275878906
4698380298,35.7752571105957,51.44248962402344
4698380297,35.77536392211914,51.4429931640625
4698380300,35.77446746826172,51.441890716552734
4698380299,35.77455520629883,51.44219970703125
4698380303,35.77476119995117,51.441673278808594
7288874073,35.774871826171875,51.44203186035156
4698380302,35.774871826171875,51.44207000732422
7288874074,35.77484893798828,51.44209289550781
4698380305,35.77446746826172,51.44174575805664
7288879556,35.773746490478516,51.440773010253906
4698381180,35.773746490478516,51.440738677978516
7288879555,35.77375793457031,51.44071578979492
4698381179,35.77391815185547,51.44062042236328
4698385295,35.77408218383789,51.444637298583984
9307444638,35.774452209472656,51.44486999511719
4548912088,35.77395248413086,51.445098876953125
4698385297,35.773895263671875,51.44521713256836
4698385299,35.7733039855957,51.44501876831055
9652746948,35.77375030517578,51.444705963134766
4698385301,35.77383041381836,51.44501495361328
4698385303,35.77303695678711,51.4443244934082
4698385307,35.773292541503906,51.4439697265625
4698502248,35.77739334106445,51.44368362426758
4698502250,35.777278900146484,51.44403839111328
4698502253,35.77720642089844,51.44459533691406
4698502255,35.77726364135742,51.4442253112793
4698502254,35.77714920043945,51.44497299194336
4698502270,35.777099609375,51.445926666259766
4698502258,35.777099609375,51.445335388183594
4698502257,35.77708053588867,51.44540023803711
4698502259,35.7763671875,51.4453239440918
4698502261,35.77605056762695,51.44422149658203
4698502263,35.77599334716797,51.444637298583984
4698502265,35.776145935058594,51.44390869140625
4698502267,35.77580261230469,51.44591522216797
4551688587,35.77506637573242,51.445858001708984
4698502275,35.77821350097656,51.44352340698242
4698502274,35.77800750732422,51.44424819946289
4698502273,35.777687072753906,51.445072174072266
4698502272,35.77754592895508,51.44538497924805
4698510530,35.777408599853516,51.44558334350586
4698502271,35.77724838256836,51.4458122253418
4698510532,35.7767448425293,51.446258544921875
423821073,35.776641845703125,51.446353912353516
4698502269,35.776485443115234,51.44627380371094
7606040476,35.77518844604492,51.44621658325195
4698502278,35.77581024169922,51.44623565673828
4698502281,35.77555847167969,51.445552825927734
4698502280,35.775550842285156,51.44575119018555
4698502279,35.775020599365234,51.44572448730469
4698502283,35.77555847167969,51.445125579833984
4513930730,35.77500534057617,51.445091247558594
4698502284,35.77571487426758,51.44514465332031
4698502282,35.775569915771484,51.444602966308594
4698502288,35.77570724487305,51.44407653808594
4698502286,35.77568817138672,51.44439697265625
4698502289,35.77587127685547,51.444461822509766
4698504525,35.77730941772461,51.44388961791992
4698504524,35.77726364135742,51.44413375854492
4698510522,35.77783966064453,51.44681930541992
4698510521,35.77762222290039,51.446739196777344
4698510527,35.77843475341797,51.445091247558594
4698510526,35.77790451049805,51.44511032104492
4698510525,35.77783203125,51.445068359375
4551688589,35.77793884277344,51.44636535644531
4698510531,35.777748107910156,51.445762634277344
4698510534,35.7773323059082,51.4466552734375
4698510533,35.77714920043945,51.446537017822266
4698510536,35.77742385864258,51.44590759277344
4698510535,35.77703094482422,51.446815490722656
4698510528,35.77760696411133,51.44599533081055
4698510537,35.777252197265625,51.44685363769531
4698510539,35.77692413330078,51.44679641723633
4698510543,35.77726745605469,51.446937561035156
4698510545,35.77674102783203,51.44662857055664
4698510546,35.7765007019043,51.44659423828125
9577103234,35.779239654541016,51.44654846191406
4698523055,35.77873992919922,51.446449279785156
4698523035,35.77894973754883,51.44671630859375
4698523038,35.77880096435547,51.44718933105469
4698523037,35.77888488769531,51.44723129272461
4493669622,35.778663635253906,51.44694900512695
4698523041,35.77860641479492,51.44711685180664
4698523042,35.77892303466797,51.4475212097168
4698523044,35.77858352661133,51.44612121582031
4698523047,35.77852249145508,51.446292877197266
4698523048,35.7784309387207,51.446502685546875
4698523046,35.77832794189453,51.4466667175293
4698523054,35.778629302978516,51.44664001464844
4698523052,35.77839279174805,51.447017669677734
4698523051,35.778160095214844,51.44684982299805
4698523050,35.77806091308594,51.44696807861328
4493669620,35.77848434448242,51.44684982299805
4698523049,35.77843475341797,51.44694137573242
4698523053,35.77833557128906,51.44712448120117
4698523056,35.77891540527344,51.44602584838867
4698523059,35.778526306152344,51.447364807128906
4698523060,35.77827072143555,51.447547912597656
4698523062,35.778018951416016,51.447208404541016
4698523065,35.7784309387207,51.4459114074707
4698523064,35.77832794189453,51.44621658325195
4698536183,35.77956008911133,51.452247619628906
4698536182,35.77958679199219,51.452510833740234
4698544217,35.77878189086914,51.456443786621094
4698544219,35.77857971191406,51.45587921142578
4698544221,35.77882385253906,51.45551300048828
4698546823,35.77950668334961,51.458160400390625
4698557147,35.77621841430664,51.46074295043945
4698557149,35.7791862487793,51.460693359375
4698557151,35.77946472167969,51.45949172973633
4698557153,35.77915573120117,51.460548400878906
4698557155,35.77851486206055,51.459041595458984
4698557158,35.77790069580078,51.45856857299805
4698557161,35.77829360961914,51.457740783691406
4698557162,35.77919006347656,51.45841979980469
4698557164,35.77878189086914,51.45722198486328
4698557166,35.77908706665039,51.45750045776367
4698562495,35.77936553955078,51.46540451049805
4698562497,35.778038024902344,51.462974548339844
4705330046,35.778079986572266,51.442237854003906
4705330050,35.777496337890625,51.441768646240234
4705330052,35.77828598022461,51.44041442871094
4705330053,35.7778434753418,51.440921783447266
4705330055,35.7779426574707,51.44033432006836
4705330054,35.77786636352539,51.440650939941406
4705330058,35.776912689208984,51.44112014770508
5481054972,35.77997589111328,51.44981384277344
30772668,35.779945373535156,51.449668884277344
1725215797,35.779869079589844,51.4412727355957
6312836312,35.779842376708984,51.441734313964844
4705343058,35.77980422973633,51.44247055053711
4705343064,35.77980422973633,51.44087600708008
4705343063,35.77978515625,51.44126510620117
4705343069,35.779903411865234,51.44033432006836
4705343068,35.77972412109375,51.44038772583008
4705343071,35.77977752685547,51.44064712524414
4705343076,35.77946090698242,51.4405403137207
4705343075,35.779483795166016,51.440773010253906
4705343078,35.779136657714844,51.44089126586914
4705343331,35.779083251953125,51.442047119140625
4705343330,35.77909469604492,51.442100524902344
4705343329,35.779563903808594,51.442138671875
4705343328,35.77960205078125,51.44171905517578
1725215778,35.77960205078125,51.44124984741211
4705365261,35.77954864501953,51.44230651855469
4705365262,35.779075622558594,51.442230224609375
4705365263,35.77907943725586,51.44176483154297
4705388830,35.779571533203125,51.44367599487305
4705388833,35.77933883666992,51.4431266784668
987586345,35.7620849609375,51.44281005859375
4705509289,35.76443099975586,51.440677642822266
4403839382,35.76506423950195,51.44306945800781
4705509290,35.764835357666016,51.44233322143555
4705509291,35.76224136352539,51.443233489990234
4707057901,35.76519012451172,51.44062805175781
4707057900,35.765254974365234,51.44082260131836
10199523987,35.76664733886719,51.440120697021484
4708539711,35.766639709472656,51.440608978271484
4708539713,35.76668167114258,51.44038391113281
2170381511,35.76973342895508,51.440208435058594
429412486,35.7672119140625,51.45722961425781
4711042623,35.77750015258789,51.44502258300781
4711042624,35.77775192260742,51.44415283203125
4752577812,35.766517639160156,51.449241638183594
4752577813,35.766563415527344,51.44927978515625
4752577814,35.766624450683594,51.44929504394531
4752577815,35.7667121887207,51.449310302734375
423815705,35.771751403808594,51.44431686401367
987522525,35.772090911865234,51.444129943847656
423815701,35.76890563964844,51.44643020629883
3405484867,35.76927947998047,51.44633483886719
423815702,35.76947021484375,51.44621276855469
9645503552,35.769710540771484,51.44595718383789
423816751,35.76973342895508,51.4459342956543
4278550131,35.762882232666016,51.442901611328125
2170381717,35.76327133178711,51.444091796875
4813610983,35.76283645629883,51.462379455566406
443319978,35.762451171875,51.46323776245117
4813621598,35.763671875,51.46541976928711
4818292274,35.762298583984375,51.45822525024414
4818292277,35.76213073730469,51.458438873291016
4955340824,35.76207733154297,51.45856857299805
4818292276,35.76206588745117,51.4586181640625
4404038815,35.764930725097656,51.44099044799805
4955340825,35.7620849609375,51.458648681640625
10882786110,35.76829147338867,51.45503616333008
10882786107,35.76802444458008,51.45590591430664
4998084444,35.76344299316406,51.45536422729492
1864300721,35.763771057128906,51.45452880859375
3405485396,35.76387023925781,51.454280853271484
1725215771,35.779415130615234,51.4454460144043
423821169,35.779510498046875,51.44633102416992
5371311601,35.77958679199219,51.447105407714844
5481054973,35.779876708984375,51.44943618774414
355617111,35.77989959716797,51.44956588745117
5254232803,35.765411376953125,51.451881408691406
423793659,35.7708740234375,51.453224182128906
5258869797,35.7662467956543,51.4501838684082
4695666785,35.766258239746094,51.45016098022461
5257384709,35.765411376953125,51.451839447021484
5257384710,35.765403747558594,51.451805114746094
5257384711,35.7653923034668,51.451759338378906
5257384712,35.765380859375,51.45172119140625
5257384713,35.76535415649414,51.451683044433594
5257384714,35.76531982421875,51.451656341552734
5257384715,35.76528549194336,51.4516487121582
5257384716,35.7652587890625,51.45165252685547
5257384717,35.765235900878906,51.45166015625
5257384718,35.76520538330078,51.45167922973633
4374606770,35.76227569580078,51.457061767578125
4698380186,35.774757385253906,51.44382858276367
4513930736,35.77477264404297,51.443878173828125
423815712,35.77494430541992,51.44443130493164
423815713,35.775028228759766,51.44487762451172
423815714,35.774959564208984,51.44554138183594
4551688585,35.77519607543945,51.44623947143555
424055324,35.76462936401367,51.447113037109375
3405484874,35.77113723754883,51.44303512573242
5667400228,35.77898025512695,51.44969177246094
423813744,35.779029846191406,51.44975662231445
1725215788,35.77977752685547,51.44976806640625
5371311600,35.77985382080078,51.44974136352539
6112621133,35.7798957824707,51.44970703125
1725215786,35.779808044433594,51.44962692260742
5371311599,35.77974319458008,51.449649810791016
5667400229,35.77903366088867,51.44964599609375
9357300682,35.76639938354492,51.4449577331543
4695622382,35.76637268066406,51.444862365722656
6638516673,35.76554870605469,51.44444274902344
5726748644,35.77454376220703,51.4402961730957
423813732,35.772926330566406,51.445220947265625
423813734,35.77289581298828,51.445655822753906
8972405557,35.762001037597656,51.4600944519043
6089414134,35.779483795166016,51.46503829956055
6089414135,35.77946472167969,51.46503448486328
6089414136,35.779422760009766,51.46505355834961
6089414137,35.77941131591797,51.46506881713867
6089414138,35.77939987182617,51.46509552001953
6089414123,35.77940368652344,51.465145111083984
6089414124,35.779415130615234,51.46516799926758
6089414125,35.77943420410156,51.465187072753906
6089414130,35.77945327758789,51.46519470214844
6089414131,35.779476165771484,51.46519470214844
6089414132,35.77949523925781,51.465187072753906
6089414133,35.77951431274414,51.46516799926758
6089414140,35.77952575683594,51.465145111083984
6089414126,35.7795295715332,51.465118408203125
6089414127,35.77952575683594,51.465091705322266
6089414128,35.779518127441406,51.46506881713867
6089414129,35.779502868652344,51.46505355834961
10922701618,35.77702331542969,51.4595832824707
10922701619,35.777061462402344,51.45951461791992
10922701617,35.77707290649414,51.459449768066406
4695837556,35.7681999206543,51.44485855102539
4698557157,35.77800750732422,51.458534240722656
4955340827,35.764892578125,51.459075927734375
6442059345,35.764808654785156,51.45903778076172
4955340829,35.7646598815918,51.45908737182617
4955340828,35.76460266113281,51.4591064453125
3375288617,35.764522552490234,51.45909881591797
9512328917,35.7634391784668,51.45846939086914
423793591,35.77287292480469,51.46209716796875
4695818000,35.76982879638672,51.443199157714844
4695817999,35.76975631713867,51.44272994995117
9097167169,35.76927185058594,51.44418716430664
6865486378,35.769813537597656,51.44390106201172
6865486382,35.769561767578125,51.44406509399414
4086140997,35.76354217529297,51.44687271118164
4698380188,35.77550506591797,51.443634033203125
4698380187,35.775169372558594,51.44367980957031
7064170065,35.770606994628906,51.45729446411133
7266382969,35.76237869262695,51.46004867553711
9645503551,35.76956558227539,51.44536209106445
7606688919,35.768314361572266,51.445133209228516
7606688922,35.767730712890625,51.44654083251953
443320009,35.7623291015625,51.463157653808594
429412562,35.76280212402344,51.463844299316406
7710025069,35.7632942199707,51.46566390991211
7710025071,35.76242446899414,51.459930419921875
7710025072,35.7623291015625,51.460174560546875
7710509730,35.76253128051758,51.465885162353516
7710509731,35.762550354003906,51.46567916870117
4683436106,35.765987396240234,51.446815490722656
7740418860,35.77595901489258,51.44316101074219
7915981207,35.77590560913086,51.44618225097656
4698502277,35.775970458984375,51.446048736572266
6638516674,35.76548385620117,51.44458770751953
8285436001,35.779823303222656,51.45949172973633
8285436002,35.76803207397461,51.4478759765625
8285436003,35.76798629760742,51.44802474975586
4695666781,35.76716232299805,51.45000076293945
9512321112,35.76381301879883,51.45546340942383
4998084448,35.76375961303711,51.455448150634766
4998084443,35.763240814208984,51.455299377441406
4695567369,35.76288604736328,51.45112609863281
4698380172,35.77570343017578,51.442115783691406
8718482651,35.77375411987305,51.44610595703125
10860195962,35.763206481933594,51.444129943847656
2170381732,35.76318359375,51.44414520263672
2170381651,35.764530181884766,51.44351577758789
10286634512,35.766883850097656,51.44215393066406
4221838195,35.767364501953125,51.44187545776367
4692533041,35.76837921142578,51.44126510620117
4221838194,35.76884460449219,51.440948486328125
4221838192,35.769229888916016,51.44069290161133
4221838191,35.769649505615234,51.44040298461914
4836572838,35.769737243652344,51.44034194946289
4221838190,35.770118713378906,51.44008255004883
9156575441,35.76386260986328,51.454490661621094
9156575443,35.76401901245117,51.4540901184082
9156575444,35.763702392578125,51.454410552978516
9156575445,35.76382064819336,51.454105377197266
423833952,35.77599334716797,51.464813232421875
6084502293,35.77423095703125,51.46331787109375
4836572839,35.76968765258789,51.44023895263672
2170381661,35.76906967163086,51.4406623840332
9767680732,35.76789855957031,51.44145584106445
2170381966,35.76774597167969,51.44154739379883
2170382319,35.76742935180664,51.44173049926758
4692533038,35.76688003540039,51.442039489746094
2170382093,35.76670837402344,51.442134857177734
4561610032,35.76466751098633,51.443294525146484
2170382075,35.76449966430664,51.443389892578125
4695529110,35.7640380859375,51.44365310668945
9512321114,35.763240814208984,51.456787109375
9512321113,35.762786865234375,51.45796203613281
9512328920,35.763797760009766,51.45756530761719
9512328921,35.764034271240234,51.45697784423828
9512328918,35.764495849609375,51.455814361572266
4698510541,35.77748107910156,51.4469108581543
4698510540,35.777427673339844,51.44688415527344
4412258442,35.76629638671875,51.44794845581055
4412258443,35.76627731323242,51.44805145263672
4695611100,35.76610565185547,51.44843292236328
9577103236,35.762298583984375,51.45417022705078
3405485394,35.76214599609375,51.45426559448242
3405484889,35.762447357177734,51.454185485839844
30772621,35.76598358154297,51.45618438720703
6467846742,35.764122009277344,51.45553970336914
4763812260,35.76462173461914,51.44317626953125
9740001182,35.77587890625,51.446224212646484
11158587870,35.76791763305664,51.441497802734375
423793598,35.762020111083984,51.46004867553711
9900349191,35.76383590698242,51.450714111328125
9900349193,35.76381301879883,51.45075988769531
9900349190,35.76380157470703,51.4508171081543
9900349189,35.763797760009766,51.45087814331055
2170388945,35.76351547241211,51.442237854003906
2170388946,35.76404571533203,51.44196319580078
11194352484,35.762718200683594,51.442420959472656
10882786109,35.768089294433594,51.455928802490234
10882786108,35.76836013793945,51.455055236816406
10922701611,35.77692413330078,51.459529876708984
10922701608,35.77693176269531,51.4595832824707
10922701607,35.77694320678711,51.45961380004883
10922701615,35.77702713012695,51.45940399169922
10922701614,35.777000427246094,51.459442138671875
10922701616,35.776973724365234,51.45948028564453
10922701613,35.7768440246582,51.45956039428711
10922701609,35.776790618896484,51.45957565307617
10922701612,35.776771545410156,51.45958709716797
10922701610,35.77676010131836,51.4596061706543
6757664503,35.762359619140625,51.448612213134766
11158587867,35.76328659057617,51.44427490234375
11158587869,35.76329040527344,51.444252014160156
11158587868,35.7632942199707,51.44423294067383
11194352478,35.76487350463867,51.44083023071289
11194352483,35.76276397705078,51.44255447387695
